<?xml version="1.0" encoding="utf-8" ?>
<tincan xmlns:xsi="http://www.w3.org/2001/XMLSchema-instance" xmlns:xsd="http://www.w3.org/2001/XMLSchema" xmlns="http://projecttincan.com/tincan.xsd">
  <activities>
    <activity id="http://C9jEdkWFAVqwN3h4UrE-1Usaq4KPg3Jf_rise" type="http://adlnet.gov/expapi/activities/course">
      <name lang="en-US">Retail - Supply Chain</name>
      <description lang="en-US">&lt;div data-editor-id=&#34;7fd863af-e1ec-46ea-82ab-3d1c753ecce2&#34;&gt;&lt;p style=&#34;text-align: justify&#34;&gt;This course dives into the critical relationship between retail and supply chain management, exploring how global retail giants like Walmart, Amazon, and Costco achieve operational efficiency, minimize costs, and maximize customer satisfaction. We will focus on supply chain strategies, key technologies, and metrics used in retail, as well as discuss challenges and innovations shaping the future.&lt;p style=&#34;text-align: justify&#34;&gt;&lt;h3&gt;&lt;strong&gt;Learning Objectives&lt;/strong&gt;&lt;/h3&gt;&lt;ol&gt;&lt;li&gt;Understand the role of supply chain management in the retail industry.&lt;/li&gt;&lt;li&gt;Analyze strategies used by leading retailers to optimize supply chain performance.&lt;/li&gt;&lt;li&gt;Explore key supply chain technologies such as RFID, AI, and IoT.&lt;/li&gt;&lt;li&gt;Identify challenges in retail supply chains and how companies mitigate risks.&lt;/li&gt;&lt;li&gt;Apply concepts through case studies and a hands-on simulation exercise.&lt;/li&gt;&lt;/ol&gt;&lt;/div&gt;</description>
      <launch lang="en-US">index.html</launch>
    </activity>
      <activity id="http://C9jEdkWFAVqwN3h4UrE-1Usaq4KPg3Jf_rise/VCaUNO1TK_34nzidmgMxnIhrqbdvBMgu" type="http://adlnet.gov/expapi/activities/module">
      <name lang="en-US">Introduction to Retail Supply Chains/blocks</name>
      <description lang="en-US"></description>
    </activity>
          <activity id="http://C9jEdkWFAVqwN3h4UrE-1Usaq4KPg3Jf_rise/52A-wbqp_zPyKg6rmcPx1MsMozJSjU7n" type="http://adlnet.gov/expapi/activities/module">
      <name lang="en-US">Components of a Retail Supply Chain/blocks</name>
      <description lang="en-US"></description>
    </activity>
          <activity id="http://C9jEdkWFAVqwN3h4UrE-1Usaq4KPg3Jf_rise/6_MCpmjFjWfMwHoLvEvLrXLqv9nRBQgV" type="http://adlnet.gov/expapi/activities/module">
      <name lang="en-US">Components of Retail Quiz/quiz</name>
      <description lang="en-US">&lt;div data-editor-id=&#34;d5db9663-a0ef-4bcf-8938-410e334f5200&#34;&gt;&lt;h3&gt;&lt;strong&gt;Walmart&#39;s &#34;Everyday Low Price&#34; Strategy&lt;/strong&gt;&lt;/h3&gt;&lt;p style=&#34;text-align: justify&#34;&gt;Walmart’s &#34;Everyday Low Price&#34; strategy is a classic example of how procurement drives competitive advantage. The strategy aims to keep prices consistently low, rather than relying on periodic sales or promotions. To achieve this, Walmart uses its procurement power to negotiate favorable terms with suppliers, often leveraging its scale as the largest retailer in the world.&lt;p style=&#34;text-align: justify&#34;&gt;This strategy requires a relentless focus on efficiency. By fostering strong vendor partnerships, Walmart ensures that suppliers deliver high-quality goods at the lowest possible cost. Ethical sourcing and sustainability are also integrated into their approach, as Walmart recognizes the long-term value of maintaining responsible practices in procurement.&lt;p style=&#34;text-align: justify&#34;&gt;In the classroom, this strategy could spark a discussion about how Walmart’s focus on cost-cutting impacts suppliers and whether the pressure to deliver at low prices aligns with ethical sourcing goals.&lt;/div&gt;</description>
    </activity>
                                  
<activity id="http://C9jEdkWFAVqwN3h4UrE-1Usaq4KPg3Jf_rise/6_MCpmjFjWfMwHoLvEvLrXLqv9nRBQgV/cm3xxg1t700jr3b79iuhxm3zd" type="http://adlnet.gov/expapi/activities/cmi.interaction">
  <name lang="en-US">&lt;div data-editor-id=&#34;b6c0bb57-e395-4aa6-b7d2-58fa76f1c517&#34;&gt;How does Walmart balance its low-cost strategy with sustainability?&lt;/div&gt;</name>
  <description lang="en-US"></description>
  <interactionType>choice</interactionType>
  <correctResponsePatterns>
    <correctResponsePattern>choice_cm3xxg1t700jt3b79p8r9eprt</correctResponsePattern>
    </correctResponsePatterns>
    <choices>
    <component>
    <id>choice_cm3xxg1t700js3b79dhg56u3e</id>
    <description lang="en-US">&lt;div data-editor-id=&#34;b8cd29b3-e5f3-48f9-ae51-3e224b697c60&#34;&gt;By focusing only on price reduction and ignoring sustainability efforts.&lt;/div&gt;</description>
  </component>
    <component>
    <id>choice_cm3xxg1t700jt3b79p8r9eprt</id>
    <description lang="en-US">&lt;div data-editor-id=&#34;0dab7896-287f-47cd-a6ea-3eaf7cb578da&#34;&gt;By setting specific sustainability goals for suppliers and investing in renewable energy projects.&lt;/div&gt;</description>
  </component>
    <component>
    <id>choice_cm3xxl2qa00ka3b79nhff0aus</id>
    <description lang="en-US">&lt;div data-editor-id=&#34;b9085840-001f-4c27-9bc4-784d92baa1dd&#34;&gt;By reducing supplier diversity to limit competition.&lt;/div&gt;</description>
  </component>
    <component>
    <id>choice_cm3xxmgie00kc3b79uyf02lsh</id>
    <description lang="en-US">&lt;div data-editor-id=&#34;e9663efa-c815-46b8-a863-8b6344e8215e&#34;&gt;By outsourcing all procurement decisions to third-party agencies.&lt;/div&gt;</description>
  </component>
    </choices>
  </activity>
                              
<activity id="http://C9jEdkWFAVqwN3h4UrE-1Usaq4KPg3Jf_rise/6_MCpmjFjWfMwHoLvEvLrXLqv9nRBQgV/cm3xxg1t700ju3b79a28ismgj" type="http://adlnet.gov/expapi/activities/cmi.interaction">
  <name lang="en-US">&lt;div data-editor-id=&#34;d879f6ef-c6df-4474-acda-5067ab8c3075&#34;&gt;What are the risks of over-reliance on aggressive supplier negotiations?&lt;/div&gt;</name>
  <description lang="en-US"></description>
  <interactionType>choice</interactionType>
  <correctResponsePatterns>
    <correctResponsePattern>choice_cm3xxg1t800jx3b799i5y0wih</correctResponsePattern>
    </correctResponsePatterns>
    <choices>
    <component>
    <id>choice_cm3xxg1t800jv3b79flkeetnt</id>
    <description lang="en-US">&lt;div data-editor-id=&#34;75a5632b-2e32-4abf-9c8e-ae60f03fe0e9&#34;&gt;It ensures suppliers always deliver high-quality goods at low prices.&lt;/div&gt;</description>
  </component>
    <component>
    <id>choice_cm3xxg1t800jx3b799i5y0wih</id>
    <description lang="en-US">&lt;div data-editor-id=&#34;be8363f0-1242-4303-8cce-e92ff8bfa4cd&#34;&gt;It can strain supplier relationships, leading to lower quality, delays, or suppliers exiting the partnership.&lt;/div&gt;</description>
  </component>
    <component>
    <id>choice_cm3xxg1t800jy3b79m72l1a1u</id>
    <description lang="en-US">&lt;div data-editor-id=&#34;8b7c2a61-7088-40d1-b2f0-488c48afb150&#34;&gt;It guarantees long-term supplier loyalty.&lt;/div&gt;</description>
  </component>
    <component>
    <id>choice_cm3xxg1t800jw3b79dy1xw7rs</id>
    <description lang="en-US">&lt;div data-editor-id=&#34;2aaf515f-9a7f-40fd-909c-b08da7dc9667&#34;&gt;It encourages suppliers to focus on innovation and improve efficiency.&lt;/div&gt;</description>
  </component>
    </choices>
  </activity>
                              
<activity id="http://C9jEdkWFAVqwN3h4UrE-1Usaq4KPg3Jf_rise/6_MCpmjFjWfMwHoLvEvLrXLqv9nRBQgV/cm3xxkswl00k63b79i5s2c0lb" type="http://adlnet.gov/expapi/activities/cmi.interaction">
  <name lang="en-US">&lt;div data-editor-id=&#34;4eed78ae-1e9d-4199-9d3c-aea2127d4b97&#34;&gt;Can other retailers replicate Walmart’s procurement model, or is it unique to their scale?&lt;/div&gt;</name>
  <description lang="en-US"></description>
  <interactionType>choice</interactionType>
  <correctResponsePatterns>
    <correctResponsePattern>choice_cm3xxpfxl00kh3b794c9me6ca</correctResponsePattern>
    </correctResponsePatterns>
    <choices>
    <component>
    <id>choice_cm3xxkswl00k73b79xqskrlcl</id>
    <description lang="en-US">&lt;div data-editor-id=&#34;1fd723dc-feb4-4f19-8671-5500ac7799b5&#34;&gt;No, Walmart’s model is entirely unique and cannot be replicated.&lt;/div&gt;</description>
  </component>
    <component>
    <id>choice_cm3xxkswl00k83b79l6dlf4ls</id>
    <description lang="en-US">&lt;div data-editor-id=&#34;fb69d845-4b1e-4d37-ab83-a3e720de9c8c&#34;&gt;Yes, any retailer can easily adopt Walmart’s procurement strategies with no adjustments.&lt;/div&gt;</description>
  </component>
    <component>
    <id>choice_cm3xxpfxl00kh3b794c9me6ca</id>
    <description lang="en-US">&lt;div data-editor-id=&#34;0ecbfbdf-633a-4914-854b-cd6aa69b472d&#34;&gt;Partially, other retailers can adopt some elements like transparency and strong vendor partnerships but may struggle to replicate the benefits of scale.&lt;/div&gt;</description>
  </component>
    <component>
    <id>choice_cm3xxq5zn00kj3b79r6pcxifp</id>
    <description lang="en-US">&lt;div data-editor-id=&#34;ad804de4-fe5e-4eed-8105-da7de1f040c0&#34;&gt;No, other retailers need to develop entirely different procurement approaches.&lt;/div&gt;</description>
  </component>
    </choices>
  </activity>
                      <activity id="http://C9jEdkWFAVqwN3h4UrE-1Usaq4KPg3Jf_rise/CIxp0uYE-mjpWgMnGZJUCjT2Krs_rlGV" type="http://adlnet.gov/expapi/activities/module">
      <name lang="en-US">Technology in Retail Supply Chains/blocks</name>
      <description lang="en-US"></description>
    </activity>
          <activity id="http://C9jEdkWFAVqwN3h4UrE-1Usaq4KPg3Jf_rise/CLsanchKoL3N_3bnq25-0hXb3uj5Z98k" type="http://adlnet.gov/expapi/activities/module">
      <name lang="en-US">Supply Chain Metrics for Retail Success/blocks</name>
      <description lang="en-US"></description>
    </activity>
          <activity id="http://C9jEdkWFAVqwN3h4UrE-1Usaq4KPg3Jf_rise/0300OPVeNq9exhYDkfGc478I8ZoMuxkY" type="http://adlnet.gov/expapi/activities/module">
      <name lang="en-US">Challenges in Retail Supply Chains/blocks</name>
      <description lang="en-US"></description>
    </activity>
          <activity id="http://C9jEdkWFAVqwN3h4UrE-1Usaq4KPg3Jf_rise/oo-deEGjfzC36_BRYL9B_e68zCVu6LAr" type="http://adlnet.gov/expapi/activities/module">
      <name lang="en-US">Innovations Shaping the Future/blocks</name>
      <description lang="en-US"></description>
    </activity>
          <activity id="http://C9jEdkWFAVqwN3h4UrE-1Usaq4KPg3Jf_rise/wpcf83XgP5WH4gZ6jvNltXh0H-Q0uTvD" type="http://adlnet.gov/expapi/activities/module">
      <name lang="en-US">Capstone Simulation/blocks</name>
      <description lang="en-US"></description>
    </activity>
        </activities>
</tincan>
